,type,keyLen,filesize,time
0,RSA_encryption,2048,326,21.178869247436523
0,RSA_decryption,2048,326,0.1534562110900879
