,type,keyLen,filesize,time
0,RSA_encryption,1024,201,13.153148889541626
0,RSA_encryption,2048,329,4.537703990936279
0,RSA_encryption,4096,585,9.099114418029785
0,RSA_decryption,1024,201,0.23659443855285645
0,RSA_decryption,2048,329,0.14961600303649902
0,RSA_decryption,4096,585,0.21894073486328125
